 <ns5:SubmitObjectsRequest xmlns:xsi="http://www.w3.org/2001/XMLSchema-instance" xmlns:xsd="http://www.w3.org/2001/XMLSchema" xmlns:ns5="urn:oasis:names:tc:ebxml-regrep:xsd:lcm:3.0">
     <RegistryObjectList xmlns="urn:oasis:names:tc:ebxml-regrep:xsd:rim:3.0">
         <!--##################################################################-->
         <!--RegistryPackage-->
         <!--##################################################################-->
         <ns2:RegistryPackage  xmlns:ns2="urn:oasis:names:tc:ebxml-regrep:xsd:rim:3.0" id="urn:uuid:38ac7d56-3aba-42f9-9166-bf7164f8178f"  status="urn:oasis:names:tc:ebxml-regrep:StatusType:Approved"  >
             <!--===================-->
             <!--SubmissionTime-->
             <!--===================-->
             <ns2:Slot name="submissionTime"> 
                 <ns2:ValueList>
                     <ns2:Value>20251008142543</ns2:Value>
                 </ns2:ValueList>
             </ns2:Slot>
             <!--===================-->
             <!--Name-->
             <!--===================-->
             <ns2:Name>
                 <ns2:LocalizedString xml:lang="FR" charset="UTF8" value="Compte rendu d'examens biologiques"/>
             </ns2:Name>
             <!--===================-->
             <!--Description (comments)-->
             <!--===================-->
             <ns2:Description>
                 <ns2:LocalizedString xml:lang="FR" charset="UTF8" value=""/>
             </ns2:Description>
             <!--===================-->
             <!--Classification-->
             <!--===================-->
             <ns2:Classification id = "SubmissionSet01_c001"
             classificationNode = "urn:uuid:a54d6aa5-d40d-43f9-88c5-b4633d873bdd"	classifiedObject = "urn:uuid:38ac7d56-3aba-42f9-9166-bf7164f8178f" nodeRepresentation = "" />
             <!--===================-->
             <!--Author attributes-->
             <!--===================-->
             <ns2:Classification id="urn:uuid:1b9d8290-7367-4af5-8e3c-026d01d0743d" classificationScheme="urn:uuid:a7058bb9-b4e4-4307-ba5b-e3f0ab85e12d" classifiedObject="urn:uuid:38ac7d56-3aba-42f9-9166-bf7164f8178f" nodeRepresentation=""> 
             <!--===================-->
             <!--AuthorInstitution-->
             <!--===================-->
                 <ns2:Slot name="authorInstitution">
                     <ns2:ValueList>
                         <ns2:Value>Laboratoire des charmes^^^^^&amp;1.2.250.1.71.4.2.2&amp;ISO^IDNST^^^1120459876</ns2:Value>
                     </ns2:ValueList>
                 </ns2:Slot>
             <!--===================-->
             <!--AuthorPerson-->
             <!--===================-->
             <ns2:Slot name="authorPerson">
                 <ns2:ValueList>
                 <ns2:Value>801234534765^CAMPARINI^Marcel^^^^^^&amp;1.2.250.1.71.4.2.1&amp;ISO^D^^^IDNPS</ns2:Value>
                 </ns2:ValueList>
             </ns2:Slot>
             <!--===================-->
             <!--AuthorSpecialty-->
             <!--===================-->
             <ns2:Slot name="authorSpecialty">
                 <ns2:ValueList>
                     <ns2:Value>G15_10/SM03^Médecin - Biologie médicale (SM)^1.2.250.1.213.1.1.4.5</ns2:Value>
                 </ns2:ValueList>
             </ns2:Slot>
             </ns2:Classification>
             <!--===================-->
             <!--HealthcareFacility-->
             <!--===================-->
             <ns2:Classification id="SubmissionSet01_c002" classificationScheme="urn:uuid:aa543740-bdda-424e-8c96-df4873be8500" classifiedObject="urn:uuid:38ac7d56-3aba-42f9-9166-bf7164f8178f" nodeRepresentation="SA25" >
                 <ns2:Slot name="codingScheme" >
                     <ns2:ValueList>
                         <ns2:Value>1.2.250.1.71.4.2.4</ns2:Value>
                     </ns2:ValueList>
                 </ns2:Slot>
                 <ns2:Name>
                     <ns2:LocalizedString xml:lang="FR" charset="UTF8" value="Laboratoire de biologie médicale"/>	
                 </ns2:Name>
             </ns2:Classification>
             <!--===================-->
             <!--PatientId-->
             <!--===================-->
             <ns2:ExternalIdentifier id="urn:uuid:7e5a0659-7562-4c99-9fda-3d661fc4aab7" identificationScheme="urn:uuid:6b5aea1a-874d-4603-a4bc-96a0a7b38446" registryObject="urn:uuid:38ac7d56-3aba-42f9-9166-bf7164f8178f" value="279035121518989^^^&amp;1.2.250.1.213.1.4.10&amp;ISO^NH">
                 <ns2:Name>
                     <ns2:LocalizedString value="XDSSubmissionSet.patientId"/>
                 </ns2:Name>
             </ns2:ExternalIdentifier>
             <!--===================-->
             <!--SourceId-->
             <!--===================-->
             <ns2:ExternalIdentifier id="urn:uuid:aff77311-c54d-4c49-b9b9-2a9d3e7f322d" identificationScheme="urn:uuid:554ac39e-e3fe-47fe-b233-965d2a147832" registryObject="urn:uuid:a6e06ca8-0c75-4064-9e5d-88b9045a9ab6" value="1.2.250.1.71.4.2.2.1120459876">
                 <ns2:Name>
                     <ns2:LocalizedString value="XDSSumissionSet.sourceId"/>
                 </ns2:Name>
             </ns2:ExternalIdentifier>
             <!--===================-->
             <!--UniqueId-->
             <!--===================-->
             <ns2:ExternalIdentifier id="urn:uuid:69c96d48-85ec-4bf0-940f-290c46312820" identificationScheme="urn:uuid:96fdda7c-d067-4183-912e-bf5ee74998a8" registryObject="urn:uuid:a6e06ca8-0c75-4064-9e5d-88b9045a9ab6" value="1.2.250.1.213.1.1.1.1.2025.10.10.638955303435670186">
                 <ns2:Name>
                     <ns2:LocalizedString value="XDSSubmissionSet.uniqueId"/>
                 </ns2:Name>
             </ns2:ExternalIdentifier>
         </ns2:RegistryPackage>
         <!-- ################################################################## -->
         <!--   Extrinsic object - CDA DOC0001.XML-->
         <!-- ################################################################## -->
         <ns2:ExtrinsicObject mimeType="text/xml" objectType="urn:uuid:7edca82f-054d-47f2-a032-9b2a5b5186c1" id="urn:uuid:urn:uuid:3dff0338-35b5-427a-ae1c-ad3dfc01be96" xmlns:ns2="urn:oasis:names:tc:ebxml-regrep:xsd:rim:3.0" status="urn:oasis:names:tc:ebxml-regrep:StatusType:Approved"	>
             <!--===================-->
             <!--Hash-->
             <!--===================-->
             <ns2:Slot name="hash">
                 <ns2:ValueList>
                     <ns2:Value>1837366B7EBCB8744D5CA9D350D5F20CD96ADFD3</ns2:Value>
                 </ns2:ValueList>
             </ns2:Slot>
             <!--===================-->
             <!--Size-->
             <!--===================-->
             <ns2:Slot name="size">
                 <ns2:ValueList>
                     <ns2:Value>2965750</ns2:Value>
                 </ns2:ValueList>
             </ns2:Slot>
             <!--===================-->
             <!--URI-->
             <!--===================-->
             <ns2:Slot name="URI">
                 <ns2:ValueList>
                     <ns2:Value>DOC0001.XML</ns2:Value>
                 </ns2:ValueList>
             </ns2:Slot>
             <!--===================-->
             <!--CreationTime-->
             <!--===================-->
             <ns2:Slot name="creationTime">
                 <ns2:ValueList>
                     <ns2:Value>20210401151000</ns2:Value>
                 </ns2:ValueList>
             </ns2:Slot>
             <!--===================-->
             <!--LangageCode-->
             <!--===================-->
             <ns2:Slot name="languageCode">
                 <ns2:ValueList>
                     <ns2:Value>fr-FR</ns2:Value>
                 </ns2:ValueList>
             </ns2:Slot>
             <!--===================-->
             <!--LegalAuthenticator-->
             <!--===================-->
             <ns2:Slot name="legalAuthenticator">
                 <ns2:ValueList>
                     <ns2:Value>801234534765^CAMPARINI^Marcel^^^^^^&amp;1.2.250.1.71.4.2.1&amp;ISO^D^^^IDNPS</ns2:Value>
                 </ns2:ValueList>
             </ns2:Slot>
             <!--===================-->
             <!--ServiceStartTime-->
             <!--===================-->
             <ns2:Slot name="serviceStartTime">
                 <ns2:ValueList>
                     <ns2:Value>20210104082200</ns2:Value>
                 </ns2:ValueList>
             </ns2:Slot>
             <!--===================-->
             <!--ServiceStopTime-->
             <!--===================-->
             <ns2:Slot name="serviceStopTime">
                 <ns2:ValueList>
                     <ns2:Value>20210104150500</ns2:Value>
                 </ns2:ValueList>
             </ns2:Slot>
             <!--===================-->
             <!--SourcePatientId-->
             <!--===================-->
             <ns2:Slot name="sourcePatientId">
                 <ns2:ValueList>
                     <ns2:Value>1234567890121^^^&amp;1.2.3.4.567.8.9.10&amp;ISO^PI</ns2:Value>
                 </ns2:ValueList>
             </ns2:Slot>
             <!--===================-->
             <!--SourcePatientInfo-->
             <!--===================-->
             <ns2:Slot name="sourcePatientInfo">
                 <ns2:ValueList>
                     <ns2:Value>PID-5|PAT-TROIS^DOMINIQUE^DOMINIQUE MARIE-LOUISE^^^^L</ns2:Value>
                     <ns2:Value>PID-5|PAT-TROIS^DOMINIQUE^^^^^D</ns2:Value>
                     <ns2:Value>PID-7|19790328</ns2:Value>
                     <ns2:Value>PID-8|F</ns2:Value>
                     <ns2:Value>PID-11|^^^^^^BDL^^51215</ns2:Value>
                 </ns2:ValueList>
             </ns2:Slot>
             <!--===================-->
             <!--Name-->
             <!--===================-->
             <ns2:Name>
                 <ns2:LocalizedString xml:lang="FR" charset="UTF8"                  value="Compte rendu d'examens biologiques"/>
             </ns2:Name>
             <!--===================-->
             <!--Description (Comments)-->
             <!--===================-->
             <ns2:Description>
                 <ns2:LocalizedString xml:lang="FR" charset="UTF8"                  value=""/>
             </ns2:Description>
             <!--===================-->
             <!--EventCodeList-->
             <!--===================-->
             <ns2:Classification classificationScheme="urn:uuid:2c6b8cb7-8b2a-4051-b291-b1ae6a575ef4" classifiedObject="urn:uuid:urn:uuid:3dff0338-35b5-427a-ae1c-ad3dfc01be96" id="urn:uuid:c88e8ce6-98a0-4629-a9c7-7706009425d8"               nodeRepresentation="18719-5" objectType="urn:oasis:names:tc:ebxml-regrep:ObjectType:RegistryObject:Classification" >
                 <ns2:Slot name="codingScheme">
                     <ns2:ValueList>
                         <ns2:Value>2.16.840.1.113883.6.1</ns2:Value>
                     </ns2:ValueList>
                 </ns2:Slot>
                 <ns2:Name>
                     <ns2:LocalizedString xml:lang="FR" charset="UTF8"                      value="Biochimie"/>
                 </ns2:Name>
             </ns2:Classification>
             <ns2:Classification classificationScheme="urn:uuid:2c6b8cb7-8b2a-4051-b291-b1ae6a575ef4" classifiedObject="urn:uuid:urn:uuid:3dff0338-35b5-427a-ae1c-ad3dfc01be96" id="urn:uuid:c29b652f-25cf-4af0-b58c-71354bc3d96e"               nodeRepresentation="18727-8" objectType="urn:oasis:names:tc:ebxml-regrep:ObjectType:RegistryObject:Classification" >
                 <ns2:Slot name="codingScheme">
                     <ns2:ValueList>
                         <ns2:Value>2.16.840.1.113883.6.1</ns2:Value>
                     </ns2:ValueList>
                 </ns2:Slot>
                 <ns2:Name>
                     <ns2:LocalizedString xml:lang="FR" charset="UTF8"                      value="Sérologie"/>
                 </ns2:Name>
             </ns2:Classification>
             <ns2:Classification classificationScheme="urn:uuid:2c6b8cb7-8b2a-4051-b291-b1ae6a575ef4" classifiedObject="urn:uuid:urn:uuid:3dff0338-35b5-427a-ae1c-ad3dfc01be96" id="urn:uuid:caf71788-83ac-46e8-9d03-4ae29293a668"               nodeRepresentation="18718-7" objectType="urn:oasis:names:tc:ebxml-regrep:ObjectType:RegistryObject:Classification" >
                 <ns2:Slot name="codingScheme">
                     <ns2:ValueList>
                         <ns2:Value>2.16.840.1.113883.6.1</ns2:Value>
                     </ns2:ValueList>
                 </ns2:Slot>
                 <ns2:Name>
                     <ns2:LocalizedString xml:lang="FR" charset="UTF8"                      value="Protéines, marqueurs tumoraux, vitamines"/>
                 </ns2:Name>
             </ns2:Classification>
             <!--*********************************************************-->
             <!--  Authors Attributes -->
             <!--*********************************************************-->
             <ns2:Classification id="urn:uuid:7d88ccbf-7979-48bb-8c0d-6bb36f657a45" classificationScheme="urn:uuid:93606bcf-9494-43ec-9b4e-a7748d1a838d" classifiedObject="urn:uuid:38ac7d56-3aba-42f9-9166-bf7164f8178f" nodeRepresentation=""> 
                 <!--===================-->
                 <!--AuthorInstitution-->
                 <!--===================-->
                 <ns2:Slot name="authorInstitution">
                     <ns2:ValueList>
                         <ns2:Value>Laboratoire des charmes^^^^^&amp;1.2.250.1.71.4.2.2&amp;ISO^IDNST^^^1120459876</ns2:Value>
                     </ns2:ValueList>
                 </ns2:Slot>
                 <!--===================-->
                 <!--AuthorPerson-->
                 <!--===================-->
                 <ns2:Slot name="authorPerson">
                     <ns2:ValueList>
                     <ns2:Value>801234534765^CAMPARINI^Marcel^^^^^^&amp;1.2.250.1.71.4.2.1&amp;ISO^D^^^IDNPS</ns2:Value>
                     </ns2:ValueList>
                 </ns2:Slot>
                 <!--===================-->
                 <!--AuthorSpecialty-->
                 <!--===================-->
                 <ns2:Slot name="authorSpecialty">
                     <ns2:ValueList>
                         <ns2:Value>G15_10/SM03^Médecin - Biologie médicale (SM)^1.2.250.1.213.1.1.4.5</ns2:Value>
                     </ns2:ValueList>
                 </ns2:Slot>
                 </ns2:Classification>
                 <!--*********************************************************-->
                 <!--  Class -->
                 <!--*********************************************************-->
                 <!--  -->
                 <ns2:Classification id="urn:uuid:08bec1ce-7425-48b5-9c17-32d88d14a3c0" classificationScheme="urn:uuid:41a5887f-8865-4c09-adf7-e362475b143a" classifiedObject="urn:uuid:38ac7d56-3aba-42f9-9166-bf7164f8178f" nodeRepresentation="10">
                     <ns2:Slot name="codingScheme">
                         <ns2:ValueList>
                             <ns2:Value>1.2.250.1.213.1.1.4.1</ns2:Value>
                         </ns2:ValueList>
                     </ns2:Slot>
                     <ns2:Name>
                         <ns2:LocalizedString value="Compte rendu"/>
                     </ns2:Name>
                 </ns2:Classification>
                 <!-- ***************************************************************************-->
                 <!--     Confidentiality  -->
                 <!-- ***************************************************************************-->
                 <ns2:Classification id="urn:uuid:5f865e42-dd45-4203-8b23-f0614a7b05b6" classificationScheme="urn:uuid:f4f85eac-e6cb-4883-b524-f2705394840f" classifiedObject="urn:uuid:38ac7d56-3aba-42f9-9166-bf7164f8178f" nodeRepresentation="N">
                     <ns2:Slot name="codingScheme">
                         <ns2:ValueList>
                             <ns2:Value>2.16.840.1.113883.5.25</ns2:Value>
                         </ns2:ValueList>
                     </ns2:Slot>
                     <ns2:Name>
                         <ns2:LocalizedString value="Normal"/>
                     </ns2:Name>
                 </ns2:Classification>
                 <!--***********************************-->
                 <!--  Format -->
                 <!--***********************************-->
                 <ns2:Classification id="urn:uuid:a2380183-680c-4393-8781-ec8c3cf6d49a" classificationScheme="urn:uuid:a09d5840-386c-46f2-b5ad-9c3699a4309d" classifiedObject="urn:uuid:38ac7d56-3aba-42f9-9166-bf7164f8178f" nodeRepresentation="urn:ihe:lab:xd-lab:2008"> 
                     <ns2:Slot name="codingScheme">
                         <ns2:ValueList>
                             <ns2:Value>1.2.250.1.213.1.1.4.2.282</ns2:Value>
                         </ns2:ValueList>
                     </ns2:Slot>
                     <ns2:Name>
                         <ns2:LocalizedString value="Compte rendu structuré d'examens de biologie médicale"/>
                     </ns2:Name>
                 </ns2:Classification>
                 <!--***********************************-->
                 <!--  HealthcareFacility -->
                 <!--***********************************-->
                 <ns2:Classification id="urn:uuid:5c315129-3a1f-4b2d-9109-3e13bad3e4e2" classificationScheme="urn:uuid:f33fb8ac-18af-42cc-ae0e-ed0b0bdb91e1" classifiedObject="urn:uuid:38ac7d56-3aba-42f9-9166-bf7164f8178f" nodeRepresentation="SA25">
                     <ns2:Slot name="codingScheme">
                         <ns2:ValueList>
                             <ns2:Value>1.2.250.1.71.4.2.4</ns2:Value>
                         </ns2:ValueList>
                     </ns2:Slot>
                     <ns2:Name>
                         <ns2:LocalizedString value="Laboratoire de biologie médicale"/>
                     </ns2:Name>
                 </ns2:Classification>
                 <!--********************************-->
                 <!--  Practice Settings -->
                 <!--********************************-->
                 <ns2:Classification id="urn:uuid:25867f7e-2de8-4326-b90a-6e493d4c8ee8" classificationScheme="urn:uuid:cccf5598-8b07-4b77-a05e-ae952c785ead" classifiedObject="urn:uuid:38ac7d56-3aba-42f9-9166-bf7164f8178f" nodeRepresentation="AMBULATOIRE">
                     <ns2:Slot name="codingScheme">
                         <ns2:ValueList>
                             <ns2:Value>1.2.250.1.213.1.1.4.9</ns2:Value>
                         </ns2:ValueList>
                     </ns2:Slot>
                     <ns2:Name>
                         <ns2:LocalizedString  xml:lang="FR" charset="UTF8"  value="Ambulatoire"   />
                     </ns2:Name>
                 </ns2:Classification>
                 <!--********************************-->
                 <!--  Type -->
                 <!--********************************-->
                 <ns2:Classification id="urn:uuid:c28b0f77-2abf-4015-a4df-52bac5dcbe4f" classificationScheme="urn:uuid:f0306f51-975f-434e-a61c-c59651d33983" classifiedObject="urn:uuid:38ac7d56-3aba-42f9-9166-bf7164f8178f" nodeRepresentation="11502-2">
                     <ns2:Slot name="codingScheme">
                         <ns2:ValueList>
                             <ns2:Value>2.16.840.1.113883.6.1</ns2:Value>
                         </ns2:ValueList>
                     </ns2:Slot>
                     <ns2:Name>
                         <ns2:LocalizedString  xml:lang="FR" charset="UTF8"  value="CR d'examens biologiques"   />
                     </ns2:Name>
                 </ns2:Classification>
                 <!--********************************-->
                 <!--  PatientId (FICHE) -->
                 <!--********************************-->
                 <ns2:ExternalIdentifier id="urn:uuid:3c2fbefa-bf97-45a8-b4cd-982a5210ab42" identificationScheme="urn:uuid:58a6f841-87b3-4a3e-92fd-a8ffeff98427" registryObject="urn:uuid:urn:uuid:3dff0338-35b5-427a-ae1c-ad3dfc01be96" value="279035121518989^^^&amp;1.2.250.1.213.1.4.10&amp;ISO^NH">
                     <ns2:Name>
                         <ns2:LocalizedString value="XDSDocumentEntry.patientId"/>
                     </ns2:Name>
                 </ns2:ExternalIdentifier>
                 <!--********************************-->
                 <!--  UniqueId -->
                 <!--********************************-->
                 <ns2:ExternalIdentifier id="urn:uuid:f6c634c0-1b90-4c4b-895d-daeeec02ee41" identificationScheme="urn:uuid:2e82c1f6-a085-4c72-9da3-8640a32e42ab" registryObject="b576aac4-33be-4875-b875-f8ee50bf66e0" value="1.2.250.1.213.1.1.1.55.2021.2.1">
                     <ns2:Name>
                         <ns2:LocalizedString xml:lang="FR" charset="UTF8"  value="XDSDocumentEntry.uniqueId"/>
                     </ns2:Name>
                 </ns2:ExternalIdentifier>
             </ns2:ExtrinsicObject>
             <!--*****************************************-->
             <!--*            ASSOCIATIONS -->
             <!--*****************************************-->
             <ns2:Association id="urn:uuid:5c9633ad-70af-4739-85cf-497056dd953a" objectType="Original" associationType="urn:oasis:names:tc:ebxml-regrep:AssociationType:HasMember"               sourceObject="urn:uuid:38ac7d56-3aba-42f9-9166-bf7164f8178f" targetObject="urn:uuid:urn:uuid:3dff0338-35b5-427a-ae1c-ad3dfc01be96"  xmlns:ns2="urn:oasis:names:tc:ebxml-regrep:xsd:rim:3.0"  >
                 <ns2:Slot name="SubmissionSetStatus">
                     <ns2:ValueList>
                         <ns2:Value>Original</ns2:Value>
                     </ns2:ValueList>
                 </ns2:Slot>
             </ns2:Association>
     </RegistryObjectList>
 </ns5:SubmitObjectsRequest>

