                                                                 <ns5:SubmitObjectsRequest xmlns:xsi="http://www.w3.org/2001/XMLSchema-instance" xmlns:xsd="http://www.w3.org/2001/XMLSchema" xmlns:ns5="urn:oasis:names:tc:ebxml-regrep:xsd:lcm:3.0">
                                                                     <RegistryObjectList xmlns="urn:oasis:names:tc:ebxml-regrep:xsd:rim:3.0">
                                                                         <!--##################################################################-->
                                                                         <!--RegistryPackage-->
                                                                         <!--##################################################################-->
                                                                         <ns2:RegistryPackage  xmlns:ns2="urn:oasis:names:tc:ebxml-regrep:xsd:rim:3.0" id="urn:uuid:be94604d-54cd-463c-98c1-d318393c17af"  status="urn:oasis:names:tc:ebxml-regrep:StatusType:Approved"  >
                                                                             <!--===================-->
                                                                             <!--SubmissionTime-->
                                                                             <!--===================-->
                                                                             <ns2:Slot name="submissionTime"> 
                                                                                 <ns2:ValueList>
                                                                                     <ns2:Value>20251027153212</ns2:Value>
                                                                                 </ns2:ValueList>
                                                                             </ns2:Slot>
                                                                             <!--===================-->
                                                                             <!--Name-->
                                                                             <!--===================-->
                                                                             <ns2:Name>
                                                                                 <ns2:LocalizedString xml:lang="FR" charset="UTF8" value="Demande d'acte d'imagerie"/>
                                                                             </ns2:Name>
                                                                             <!--===================-->
                                                                             <!--Description (comments)-->
                                                                             <!--===================-->
                                                                             <ns2:Description>
                                                                                 <ns2:LocalizedString xml:lang="FR" charset="UTF8" value=""/>
                                                                             </ns2:Description>
                                                                             <!--===================-->
                                                                             <!--Classification-->
                                                                             <!--===================-->
                                                                             <ns2:Classification id = "SubmissionSet01_c001"
                                                                             classificationNode = "urn:uuid:a54d6aa5-d40d-43f9-88c5-b4633d873bdd"	classifiedObject = "urn:uuid:be94604d-54cd-463c-98c1-d318393c17af" nodeRepresentation = "" />
                                                                             <!--===================-->
                                                                             <!--Author attributes-->
                                                                             <!--===================-->
                                                                             <ns2:Classification id="urn:uuid:5dcf3e86-bf60-46ed-9cb7-e803c563ca75" classificationScheme="urn:uuid:a7058bb9-b4e4-4307-ba5b-e3f0ab85e12d" classifiedObject="urn:uuid:be94604d-54cd-463c-98c1-d318393c17af" nodeRepresentation=""> 
                                                                             <!--===================-->
                                                                             <!--AuthorInstitution-->
                                                                             <!--===================-->
                                                                                 <ns2:Slot name="authorInstitution">
                                                                                     <ns2:ValueList>
                                                                                         <ns2:Value>HU ROBERT DEBRE APHP^^^^^&amp;1.2.250.1.71.4.2.2&amp;ISO^IDNST^^^1120456789</ns2:Value>
                                                                                     </ns2:ValueList>
                                                                                 </ns2:Slot>
                                                                             <!--===================-->
                                                                             <!--AuthorPerson-->
                                                                             <!--===================-->
                                                                             <ns2:Slot name="authorPerson">
                                                                                 <ns2:ValueList>
                                                                                 <ns2:Value>801234567897^BOILEAU^Charles^^^^^^&amp;1.2.250.1.71.4.2.1&amp;ISO^D^^^IDNPS</ns2:Value>
                                                                                 </ns2:ValueList>
                                                                             </ns2:Slot>
                                                                             <!--===================-->
                                                                             <!--AuthorSpecialty-->
                                                                             <!--===================-->
                                                                             <ns2:Slot name="authorSpecialty">
                                                                                 <ns2:ValueList>
                                                                                     <ns2:Value>G15_10/SM26^Médecin - Qualifié en Médecine Générale (SM)^1.2.250.1.213.1.1.4.5</ns2:Value>
                                                                                 </ns2:ValueList>
                                                                             </ns2:Slot>
                                                                             </ns2:Classification>
                                                                             <!--===================-->
                                                                             <!--HealthcareFacility-->
                                                                             <!--===================-->
                                                                             <ns2:Classification id="SubmissionSet01_c002" classificationScheme="urn:uuid:aa543740-bdda-424e-8c96-df4873be8500" classifiedObject="urn:uuid:be94604d-54cd-463c-98c1-d318393c17af" nodeRepresentation="SA01" >
                                                                                 <ns2:Slot name="codingScheme" >
                                                                                     <ns2:ValueList>
                                                                                         <ns2:Value>1.2.250.1.71.4.2.4</ns2:Value>
                                                                                     </ns2:ValueList>
                                                                                 </ns2:Slot>
                                                                                 <ns2:Name>
                                                                                     <ns2:LocalizedString xml:lang="FR" charset="UTF8" value="Etablissement public de santé"/>	
                                                                                 </ns2:Name>
                                                                             </ns2:Classification>
                                                                             <!--===================-->
                                                                             <!--PatientId-->
                                                                             <!--===================-->
                                                                             <ns2:ExternalIdentifier id="urn:uuid:0e5168f7-76cc-41fa-8064-0e273ae5832c" identificationScheme="urn:uuid:6b5aea1a-874d-4603-a4bc-96a0a7b38446" registryObject="urn:uuid:be94604d-54cd-463c-98c1-d318393c17af" value="279035121518989^^^&amp;1.2.250.1.213.1.4.10&amp;ISO^NH">
                                                                                 <ns2:Name>
                                                                                     <ns2:LocalizedString value="XDSSubmissionSet.patientId"/>
                                                                                 </ns2:Name>
                                                                             </ns2:ExternalIdentifier>
                                                                             <!--===================-->
                                                                             <!--SourceId-->
                                                                             <!--===================-->
                                                                             <ns2:ExternalIdentifier id="urn:uuid:9a3f6894-dec6-4b21-a1d6-7d83e75428cc" identificationScheme="urn:uuid:554ac39e-e3fe-47fe-b233-965d2a147832" registryObject="urn:uuid:a6e06ca8-0c75-4064-9e5d-88b9045a9ab6" value="1.2.250.1.71.4.2.2.101235555">
                                                                                 <ns2:Name>
                                                                                     <ns2:LocalizedString value="XDSSumissionSet.sourceId"/>
                                                                                 </ns2:Name>
                                                                             </ns2:ExternalIdentifier>
                                                                             <!--===================-->
                                                                             <!--UniqueId-->
                                                                             <!--===================-->
                                                                             <ns2:ExternalIdentifier id="urn:uuid:a545b607-094c-4f65-a980-b662845e6397" identificationScheme="urn:uuid:96fdda7c-d067-4183-912e-bf5ee74998a8" registryObject="urn:uuid:a6e06ca8-0c75-4064-9e5d-88b9045a9ab6" value="1.2.250.1.213.1.1.1.1.2025.10.10.638971759325979551">
                                                                                 <ns2:Name>
                                                                                     <ns2:LocalizedString value="XDSSubmissionSet.uniqueId"/>
                                                                                 </ns2:Name>
                                                                             </ns2:ExternalIdentifier>
                                                                         </ns2:RegistryPackage>
                                                                         <!-- ################################################################## -->
                                                                         <!--   Extrinsic object - CDA DOC0001.XML-->
                                                                         <!-- ################################################################## -->
                                                                         <ns2:ExtrinsicObject mimeType="text/xml" objectType="urn:uuid:7edca82f-054d-47f2-a032-9b2a5b5186c1" id="urn:uuid:urn:uuid:fe07c7e6-dae4-44b4-8e76-4b2a77b2b7ef" xmlns:ns2="urn:oasis:names:tc:ebxml-regrep:xsd:rim:3.0" status="urn:oasis:names:tc:ebxml-regrep:StatusType:Approved"	>
                                                                             <!--===================-->
                                                                             <!--Hash-->
                                                                             <!--===================-->
                                                                             <ns2:Slot name="hash">
                                                                                 <ns2:ValueList>
                                                                                     <ns2:Value>CEC1442BFC2F559B9D5FCDFBB46113F1818A0A8F</ns2:Value>
                                                                                 </ns2:ValueList>
                                                                             </ns2:Slot>
                                                                             <!--===================-->
                                                                             <!--Size-->
                                                                             <!--===================-->
                                                                             <ns2:Slot name="size">
                                                                                 <ns2:ValueList>
                                                                                     <ns2:Value>285842</ns2:Value>
                                                                                 </ns2:ValueList>
                                                                             </ns2:Slot>
                                                                             <!--===================-->
                                                                             <!--URI-->
                                                                             <!--===================-->
                                                                             <ns2:Slot name="URI">
                                                                                 <ns2:ValueList>
                                                                                     <ns2:Value>DOC0001.XML</ns2:Value>
                                                                                 </ns2:ValueList>
                                                                             </ns2:Slot>
                                                                             <!--===================-->
                                                                             <!--CreationTime-->
                                                                             <!--===================-->
                                                                             <ns2:Slot name="creationTime">
                                                                                 <ns2:ValueList>
                                                                                     <ns2:Value>20210112101700</ns2:Value>
                                                                                 </ns2:ValueList>
                                                                             </ns2:Slot>
                                                                             <!--===================-->
                                                                             <!--LangageCode-->
                                                                             <!--===================-->
                                                                             <ns2:Slot name="languageCode">
                                                                                 <ns2:ValueList>
                                                                                     <ns2:Value>fr-FR</ns2:Value>
                                                                                 </ns2:ValueList>
                                                                             </ns2:Slot>
                                                                             <!--===================-->
                                                                             <!--LegalAuthenticator-->
                                                                             <!--===================-->
                                                                             <ns2:Slot name="legalAuthenticator">
                                                                                 <ns2:ValueList>
                                                                                     <ns2:Value>801234567897^BOILEAU^Charles^^^^^^&amp;1.2.250.1.71.4.2.1&amp;ISO^D^^^IDNPS</ns2:Value>
                                                                                 </ns2:ValueList>
                                                                             </ns2:Slot>
                                                                             <!--===================-->
                                                                             <!--ServiceStartTime-->
                                                                             <!--===================-->
                                                                             <ns2:Slot name="serviceStartTime">
                                                                                 <ns2:ValueList>
                                                                                     <ns2:Value>20210112092500</ns2:Value>
                                                                                 </ns2:ValueList>
                                                                             </ns2:Slot>
                                                                             <!--===================-->
                                                                             <!--ServiceStopTime-->
                                                                             <!--===================-->
                                                                             <ns2:Slot name="serviceStopTime">
                                                                                 <ns2:ValueList>
                                                                                     <ns2:Value>20210112101700</ns2:Value>
                                                                                 </ns2:ValueList>
                                                                             </ns2:Slot>
                                                                             <!--===================-->
                                                                             <!--SourcePatientId-->
                                                                             <!--===================-->
                                                                             <ns2:Slot name="sourcePatientId">
                                                                                 <ns2:ValueList>
                                                                                     <ns2:Value>1234567890121^^^&amp;1.2.3.4.567.8.9.10&amp;ISO^PI</ns2:Value>
                                                                                 </ns2:ValueList>
                                                                             </ns2:Slot>
                                                                             <!--===================-->
                                                                             <!--SourcePatientInfo-->
                                                                             <!--===================-->
                                                                             <ns2:Slot name="sourcePatientInfo">
                                                                                 <ns2:ValueList>
                                                                                     <ns2:Value>PID-5|PAT-TROIS^DOMINIQUE^DOMINIQUE MARIE-LOUISE^^^^L</ns2:Value>
                                                                                     <ns2:Value>PID-5|PAT-TROIS^DOMINIQUE^^^^^D</ns2:Value>
                                                                                     <ns2:Value>PID-7|19790328</ns2:Value>
                                                                                     <ns2:Value>PID-8|F</ns2:Value>
                                                                                     <ns2:Value>PID-11|^^^^^^BDL^^51215</ns2:Value>
                                                                                 </ns2:ValueList>
                                                                             </ns2:Slot>
                                                                             <!--===================-->
                                                                             <!--Name-->
                                                                             <!--===================-->
                                                                             <ns2:Name>
                                                                                 <ns2:LocalizedString xml:lang="FR" charset="UTF8"                                                                                  value="Demande d'acte d'imagerie"/>
                                                                             </ns2:Name>
                                                                             <!--===================-->
                                                                             <!--Description (Comments)-->
                                                                             <!--===================-->
                                                                             <ns2:Description>
                                                                                 <ns2:LocalizedString xml:lang="FR" charset="UTF8"                                                                                  value=""/>
                                                                             </ns2:Description>
                                                                             <!--===================-->
                                                                             <!--EventCodeList-->
                                                                             <!--===================-->
                                                                             <!--  Code -->
                                                                             <ns2:Classification classificationScheme="urn:uuid:2c6b8cb7-8b2a-4051-b291-b1ae6a575ef4" classifiedObject="urn:uuid:urn:uuid:fe07c7e6-dae4-44b4-8e76-4b2a77b2b7ef" id="urn:uuid:ccdcf7a6-6de6-4b10-b8c8-0a393a0a980f"                                                                               nodeRepresentation="55115-0" objectType="urn:oasis:names:tc:ebxml-regrep:ObjectType:RegistryObject:Classification" >
                                                                                 <ns2:Name>
                                                                                     <ns2:LocalizedString xml:lang="FR" charset="UTF8"                                                                                      value="Demande d'acte d'imagerie"/>
                                                                                 </ns2:Name>
                                                                             <ns2:Slot name="codingScheme">
                                                                                 <ns2:ValueList>
                                                                                     <ns2:Value>2.16.840.1.113883.6.1</ns2:Value>
                                                                                 </ns2:ValueList>
                                                                             </ns2:Slot>
                                                                             </ns2:Classification>
                                                                             <!--*********************************************************-->
                                                                             <!--  Authors Attributes -->
                                                                             <!--*********************************************************-->
                                                                             <ns2:Classification id="urn:uuid:2beb20af-8ffb-4ab4-a770-94db19e56537" classificationScheme="urn:uuid:93606bcf-9494-43ec-9b4e-a7748d1a838d" classifiedObject="urn:uuid:be94604d-54cd-463c-98c1-d318393c17af" nodeRepresentation=""> 
                                                                                 <!--===================-->
                                                                                 <!--AuthorInstitution-->
                                                                                 <!--===================-->
                                                                                 <ns2:Slot name="authorInstitution">
                                                                                     <ns2:ValueList>
                                                                                         <ns2:Value>HU ROBERT DEBRE APHP^^^^^&amp;1.2.250.1.71.4.2.2&amp;ISO^IDNST^^^1120456789</ns2:Value>
                                                                                     </ns2:ValueList>
                                                                                 </ns2:Slot>
                                                                                 <!--===================-->
                                                                                 <!--AuthorPerson-->
                                                                                 <!--===================-->
                                                                                 <ns2:Slot name="authorPerson">
                                                                                     <ns2:ValueList>
                                                                                     <ns2:Value>801234567897^BOILEAU^Charles^^^^^^&amp;1.2.250.1.71.4.2.1&amp;ISO^D^^^IDNPS</ns2:Value>
                                                                                     </ns2:ValueList>
                                                                                 </ns2:Slot>
                                                                                 <!--===================-->
                                                                                 <!--AuthorSpecialty-->
                                                                                 <!--===================-->
                                                                                 <ns2:Slot name="authorSpecialty">
                                                                                     <ns2:ValueList>
                                                                                         <ns2:Value>G15_10/SM26^Médecin - Qualifié en Médecine Générale (SM)^1.2.250.1.213.1.1.4.5</ns2:Value>
                                                                                     </ns2:ValueList>
                                                                                 </ns2:Slot>
                                                                                 </ns2:Classification>
                                                                                 <!--*********************************************************-->
                                                                                 <!--  Class -->
                                                                                 <!--*********************************************************-->
                                                                                 <!--  -->
                                                                                 <ns2:Classification id="urn:uuid:b4a3bd07-21ee-4f82-a2ea-30deed380bb6" classificationScheme="urn:uuid:41a5887f-8865-4c09-adf7-e362475b143a" classifiedObject="urn:uuid:be94604d-54cd-463c-98c1-d318393c17af" nodeRepresentation="42">
                                                                                     <ns2:Slot name="codingScheme">
                                                                                         <ns2:ValueList>
                                                                                             <ns2:Value>1.2.250.1.213.1.1.4.1</ns2:Value>
                                                                                         </ns2:ValueList>
                                                                                     </ns2:Slot>
                                                                                     <ns2:Name>
                                                                                         <ns2:LocalizedString value="Prescription"/>
                                                                                     </ns2:Name>
                                                                                 </ns2:Classification>
                                                                                 <!-- ***************************************************************************-->
                                                                                 <!--     Confidentiality  -->
                                                                                 <!-- ***************************************************************************-->
                                                                                 <ns2:Classification id="urn:uuid:f719758e-cc6f-4c36-a2d8-25a3ddfc2ccb" classificationScheme="urn:uuid:f4f85eac-e6cb-4883-b524-f2705394840f" classifiedObject="urn:uuid:be94604d-54cd-463c-98c1-d318393c17af" nodeRepresentation="N">
                                                                                     <ns2:Slot name="codingScheme">
                                                                                         <ns2:ValueList>
                                                                                             <ns2:Value>2.16.840.1.113883.5.25</ns2:Value>
                                                                                         </ns2:ValueList>
                                                                                     </ns2:Slot>
                                                                                     <ns2:Name>
                                                                                         <ns2:LocalizedString value="Normal"/>
                                                                                     </ns2:Name>
                                                                                 </ns2:Classification>
                                                                                 <!--***********************************-->
                                                                                 <!--  Format -->
                                                                                 <!--***********************************-->
                                                                                 <ns2:Classification id="urn:uuid:77ebb66d-2101-4d56-9d09-2a83a8573023" classificationScheme="urn:uuid:a09d5840-386c-46f2-b5ad-9c3699a4309d" classifiedObject="urn:uuid:be94604d-54cd-463c-98c1-d318393c17af" nodeRepresentation="urn:ans:ci-sis:img-da:2022"> 
                                                                                     <ns2:Slot name="codingScheme">
                                                                                         <ns2:ValueList>
                                                                                             <ns2:Value>1.2.250.1.213.1.1.4.2.282</ns2:Value>
                                                                                         </ns2:ValueList>
                                                                                     </ns2:Slot>
                                                                                     <ns2:Name>
                                                                                         <ns2:LocalizedString value="Demande d'actes d'imagerie"/>
                                                                                     </ns2:Name>
                                                                                 </ns2:Classification>
                                                                                 <!--***********************************-->
                                                                                 <!--  HealthcareFacility -->
                                                                                 <!--***********************************-->
                                                                                 <ns2:Classification id="urn:uuid:075fde0c-a289-497e-83a0-cd7779750592" classificationScheme="urn:uuid:f33fb8ac-18af-42cc-ae0e-ed0b0bdb91e1" classifiedObject="urn:uuid:be94604d-54cd-463c-98c1-d318393c17af" nodeRepresentation="SA01">
                                                                                     <ns2:Slot name="codingScheme">
                                                                                         <ns2:ValueList>
                                                                                             <ns2:Value>1.2.250.1.71.4.2.4</ns2:Value>
                                                                                         </ns2:ValueList>
                                                                                     </ns2:Slot>
                                                                                     <ns2:Name>
                                                                                         <ns2:LocalizedString value="Etablissement public de santé"/>
                                                                                     </ns2:Name>
                                                                                 </ns2:Classification>
                                                                                 <!--********************************-->
                                                                                 <!--  Practice Settings -->
                                                                                 <!--********************************-->
                                                                                 <ns2:Classification id="urn:uuid:92a70386-fd18-4bf4-9b85-ad47324698d1" classificationScheme="urn:uuid:cccf5598-8b07-4b77-a05e-ae952c785ead" classifiedObject="urn:uuid:be94604d-54cd-463c-98c1-d318393c17af" nodeRepresentation="ETABLISSEMENT">
                                                                                     <ns2:Slot name="codingScheme">
                                                                                         <ns2:ValueList>
                                                                                             <ns2:Value>1.2.250.1.213.1.1.4.9</ns2:Value>
                                                                                         </ns2:ValueList>
                                                                                     </ns2:Slot>
                                                                                     <ns2:Name>
                                                                                         <ns2:LocalizedString  xml:lang="FR" charset="UTF8"  value="Etablissement de santé"   />
                                                                                     </ns2:Name>
                                                                                 </ns2:Classification>
                                                                                 <!--********************************-->
                                                                                 <!--  Type -->
                                                                                 <!--********************************-->
                                                                                 <ns2:Classification id="urn:uuid:3ab8196f-3df5-43b7-870b-b8302d6c969f" classificationScheme="urn:uuid:f0306f51-975f-434e-a61c-c59651d33983" classifiedObject="urn:uuid:be94604d-54cd-463c-98c1-d318393c17af" nodeRepresentation="55115-0">
                                                                                     <ns2:Slot name="codingScheme">
                                                                                         <ns2:ValueList>
                                                                                             <ns2:Value>2.16.840.1.113883.6.1</ns2:Value>
                                                                                         </ns2:ValueList>
                                                                                     </ns2:Slot>
                                                                                     <ns2:Name>
                                                                                         <ns2:LocalizedString  xml:lang="FR" charset="UTF8"  value="Demande d'actes d'imagerie"   />
                                                                                     </ns2:Name>
                                                                                 </ns2:Classification>
                                                                                 <!--********************************-->
                                                                                 <!--  PatientId (FICHE) -->
                                                                                 <!--********************************-->
                                                                                 <ns2:ExternalIdentifier id="urn:uuid:93c23e7a-3b6a-41d5-b5f4-bc4eebddab71" identificationScheme="urn:uuid:58a6f841-87b3-4a3e-92fd-a8ffeff98427" registryObject="urn:uuid:urn:uuid:fe07c7e6-dae4-44b4-8e76-4b2a77b2b7ef" value="279035121518989^^^&amp;1.2.250.1.213.1.4.10&amp;ISO^NH">
                                                                                     <ns2:Name>
                                                                                         <ns2:LocalizedString value="XDSDocumentEntry.patientId"/>
                                                                                     </ns2:Name>
                                                                                 </ns2:ExternalIdentifier>
                                                                                 <!--********************************-->
                                                                                 <!--  UniqueId -->
                                                                                 <!--********************************-->
                                                                                 <ns2:ExternalIdentifier id="urn:uuid:d79056f6-5519-4ea8-94ff-4d1e24dd6af6" identificationScheme="urn:uuid:2e82c1f6-a085-4c72-9da3-8640a32e42ab" registryObject="b576aac4-33be-4875-b875-f8ee50bf66e0" value="1.2.250.1.213.1.1.1.47.2024.2.1">
                                                                                     <ns2:Name>
                                                                                         <ns2:LocalizedString xml:lang="FR" charset="UTF8"  value="XDSDocumentEntry.uniqueId"/>
                                                                                     </ns2:Name>
                                                                                 </ns2:ExternalIdentifier>
                                                                             </ns2:ExtrinsicObject>
                                                                             <!--*****************************************-->
                                                                             <!--*            ASSOCIATIONS -->
                                                                             <!--*****************************************-->
                                                                             <ns2:Association id="urn:uuid:874c8657-1c4b-424c-a21e-c0f9a6b199d3" objectType="Original" associationType="urn:oasis:names:tc:ebxml-regrep:AssociationType:HasMember"                                                                               sourceObject="urn:uuid:be94604d-54cd-463c-98c1-d318393c17af" targetObject="urn:uuid:urn:uuid:fe07c7e6-dae4-44b4-8e76-4b2a77b2b7ef"  xmlns:ns2="urn:oasis:names:tc:ebxml-regrep:xsd:rim:3.0"  >
                                                                                 <ns2:Slot name="SubmissionSetStatus">
                                                                                     <ns2:ValueList>
                                                                                         <ns2:Value>Original</ns2:Value>
                                                                                     </ns2:ValueList>
                                                                                 </ns2:Slot>
                                                                             </ns2:Association>
                                                                     </RegistryObjectList>
                                                                 </ns5:SubmitObjectsRequest>

