                                                                 <ns5:SubmitObjectsRequest xmlns:xsi="http://www.w3.org/2001/XMLSchema-instance" xmlns:xsd="http://www.w3.org/2001/XMLSchema" xmlns:ns5="urn:oasis:names:tc:ebxml-regrep:xsd:lcm:3.0">
                                                                     <RegistryObjectList xmlns="urn:oasis:names:tc:ebxml-regrep:xsd:rim:3.0">
                                                                         <!--##################################################################-->
                                                                         <!--RegistryPackage-->
                                                                         <!--##################################################################-->
                                                                         <ns2:RegistryPackage  xmlns:ns2="urn:oasis:names:tc:ebxml-regrep:xsd:rim:3.0" id="urn:uuid:f47623e3-5670-42c3-99d3-312e8862da9d"  status="urn:oasis:names:tc:ebxml-regrep:StatusType:Approved"  >
                                                                             <!--===================-->
                                                                             <!--SubmissionTime-->
                                                                             <!--===================-->
                                                                             <ns2:Slot name="submissionTime"> 
                                                                                 <ns2:ValueList>
                                                                                     <ns2:Value>20251008150837</ns2:Value>
                                                                                 </ns2:ValueList>
                                                                             </ns2:Slot>
                                                                             <!--===================-->
                                                                             <!--Name-->
                                                                             <!--===================-->
                                                                             <ns2:Name>
                                                                                 <ns2:LocalizedString xml:lang="FR" charset="UTF8" value="Prescription de médicaments et/ou de dispositifs médicaux "/>
                                                                             </ns2:Name>
                                                                             <!--===================-->
                                                                             <!--Description (comments)-->
                                                                             <!--===================-->
                                                                             <ns2:Description>
                                                                                 <ns2:LocalizedString xml:lang="FR" charset="UTF8" value=""/>
                                                                             </ns2:Description>
                                                                             <!--===================-->
                                                                             <!--Classification-->
                                                                             <!--===================-->
                                                                             <ns2:Classification id = "SubmissionSet01_c001"
                                                                             classificationNode = "urn:uuid:a54d6aa5-d40d-43f9-88c5-b4633d873bdd"	classifiedObject = "urn:uuid:f47623e3-5670-42c3-99d3-312e8862da9d" nodeRepresentation = "" />
                                                                             <!--===================-->
                                                                             <!--Author attributes-->
                                                                             <!--===================-->
                                                                             <ns2:Classification id="urn:uuid:080a5851-1cf2-4b72-9f91-16d920074bff" classificationScheme="urn:uuid:a7058bb9-b4e4-4307-ba5b-e3f0ab85e12d" classifiedObject="urn:uuid:f47623e3-5670-42c3-99d3-312e8862da9d" nodeRepresentation=""> 
                                                                             <!--===================-->
                                                                             <!--AuthorInstitution-->
                                                                             <!--===================-->
                                                                                 <ns2:Slot name="authorInstitution">
                                                                                     <ns2:ValueList>
                                                                                         <ns2:Value>Cabinet du DR Pierre JOLI^^^^^&amp;1.2.250.1.71.4.2.2&amp;ISO^IDNST^^^1750512345</ns2:Value>
                                                                                     </ns2:ValueList>
                                                                                 </ns2:Slot>
                                                                             <!--===================-->
                                                                             <!--AuthorPerson-->
                                                                             <!--===================-->
                                                                             <ns2:Slot name="authorPerson">
                                                                                 <ns2:ValueList>
                                                                                 <ns2:Value>801234567897^PIOU^Romain^^^^^^&amp;1.2.250.1.71.4.2.1&amp;ISO^D^^^IDNPS</ns2:Value>
                                                                                 </ns2:ValueList>
                                                                             </ns2:Slot>
                                                                             <!--===================-->
                                                                             <!--AuthorSpecialty-->
                                                                             <!--===================-->
                                                                             <ns2:Slot name="authorSpecialty">
                                                                                 <ns2:ValueList>
                                                                                     <ns2:Value>G15_10/SM26^Médecin - Qualifié en Médecine Générale (SM)^1.2.250.1.213.1.1.4.5</ns2:Value>
                                                                                 </ns2:ValueList>
                                                                             </ns2:Slot>
                                                                             </ns2:Classification>
                                                                             <!--===================-->
                                                                             <!--HealthcareFacility-->
                                                                             <!--===================-->
                                                                             <ns2:Classification id="SubmissionSet01_c002" classificationScheme="urn:uuid:aa543740-bdda-424e-8c96-df4873be8500" classifiedObject="urn:uuid:f47623e3-5670-42c3-99d3-312e8862da9d" nodeRepresentation="SA07" >
                                                                                 <ns2:Slot name="codingScheme" >
                                                                                     <ns2:ValueList>
                                                                                         <ns2:Value>1.2.250.1.71.4.2.4</ns2:Value>
                                                                                     </ns2:ValueList>
                                                                                 </ns2:Slot>
                                                                                 <ns2:Name>
                                                                                     <ns2:LocalizedString xml:lang="FR" charset="UTF8" value="Cabinet individuel"/>	
                                                                                 </ns2:Name>
                                                                             </ns2:Classification>
                                                                             <!--===================-->
                                                                             <!--PatientId-->
                                                                             <!--===================-->
                                                                             <ns2:ExternalIdentifier id="urn:uuid:dfd0d792-f7aa-406c-9cbd-0322d426aba0" identificationScheme="urn:uuid:6b5aea1a-874d-4603-a4bc-96a0a7b38446" registryObject="urn:uuid:f47623e3-5670-42c3-99d3-312e8862da9d" value="279035121518989^^^&amp;1.2.250.1.213.1.4.10&amp;ISO^NH">
                                                                                 <ns2:Name>
                                                                                     <ns2:LocalizedString value="XDSSubmissionSet.patientId"/>
                                                                                 </ns2:Name>
                                                                             </ns2:ExternalIdentifier>
                                                                             <!--===================-->
                                                                             <!--SourceId-->
                                                                             <!--===================-->
                                                                             <ns2:ExternalIdentifier id="urn:uuid:1d29c0cf-45ae-4dfa-aee3-851e1272fadf" identificationScheme="urn:uuid:554ac39e-e3fe-47fe-b233-965d2a147832" registryObject="urn:uuid:a6e06ca8-0c75-4064-9e5d-88b9045a9ab6" value="1.2.250.1.71.4.2.2.1750512345">
                                                                                 <ns2:Name>
                                                                                     <ns2:LocalizedString value="XDSSumissionSet.sourceId"/>
                                                                                 </ns2:Name>
                                                                             </ns2:ExternalIdentifier>
                                                                             <!--===================-->
                                                                             <!--UniqueId-->
                                                                             <!--===================-->
                                                                             <ns2:ExternalIdentifier id="urn:uuid:9aec1c6a-ec5c-4768-89cd-b5b083fd3fed" identificationScheme="urn:uuid:96fdda7c-d067-4183-912e-bf5ee74998a8" registryObject="urn:uuid:a6e06ca8-0c75-4064-9e5d-88b9045a9ab6" value="1.2.250.1.213.1.1.1.1.2025.10.10.638955329172683170">
                                                                                 <ns2:Name>
                                                                                     <ns2:LocalizedString value="XDSSubmissionSet.uniqueId"/>
                                                                                 </ns2:Name>
                                                                             </ns2:ExternalIdentifier>
                                                                         </ns2:RegistryPackage>
                                                                         <!-- ################################################################## -->
                                                                         <!--   Extrinsic object - CDA DOC0001.XML-->
                                                                         <!-- ################################################################## -->
                                                                         <ns2:ExtrinsicObject mimeType="text/xml" objectType="urn:uuid:7edca82f-054d-47f2-a032-9b2a5b5186c1" id="urn:uuid:urn:uuid:aa6656af-e161-4e85-a5b9-06dcf4b2ebe9" xmlns:ns2="urn:oasis:names:tc:ebxml-regrep:xsd:rim:3.0" status="urn:oasis:names:tc:ebxml-regrep:StatusType:Approved"	>
                                                                             <!--===================-->
                                                                             <!--Hash-->
                                                                             <!--===================-->
                                                                             <ns2:Slot name="hash">
                                                                                 <ns2:ValueList>
                                                                                     <ns2:Value>0D2F18F59FF6F4E0FF4921761CD605BE3DADAF79</ns2:Value>
                                                                                 </ns2:ValueList>
                                                                             </ns2:Slot>
                                                                             <!--===================-->
                                                                             <!--Size-->
                                                                             <!--===================-->
                                                                             <ns2:Slot name="size">
                                                                                 <ns2:ValueList>
                                                                                     <ns2:Value>227491</ns2:Value>
                                                                                 </ns2:ValueList>
                                                                             </ns2:Slot>
                                                                             <!--===================-->
                                                                             <!--URI-->
                                                                             <!--===================-->
                                                                             <ns2:Slot name="URI">
                                                                                 <ns2:ValueList>
                                                                                     <ns2:Value>DOC0001.XML</ns2:Value>
                                                                                 </ns2:ValueList>
                                                                             </ns2:Slot>
                                                                             <!--===================-->
                                                                             <!--CreationTime-->
                                                                             <!--===================-->
                                                                             <ns2:Slot name="creationTime">
                                                                                 <ns2:ValueList>
                                                                                     <ns2:Value>20231201083000</ns2:Value>
                                                                                 </ns2:ValueList>
                                                                             </ns2:Slot>
                                                                             <!--===================-->
                                                                             <!--LangageCode-->
                                                                             <!--===================-->
                                                                             <ns2:Slot name="languageCode">
                                                                                 <ns2:ValueList>
                                                                                     <ns2:Value>fr-FR</ns2:Value>
                                                                                 </ns2:ValueList>
                                                                             </ns2:Slot>
                                                                             <!--===================-->
                                                                             <!--LegalAuthenticator-->
                                                                             <!--===================-->
                                                                             <ns2:Slot name="legalAuthenticator">
                                                                                 <ns2:ValueList>
                                                                                     <ns2:Value>807505123456^PIOU^Romain^^^^^^&amp;1.2.250.1.71.4.2.1&amp;ISO^D^^^IDNPS</ns2:Value>
                                                                                 </ns2:ValueList>
                                                                             </ns2:Slot>
                                                                             <!--===================-->
                                                                             <!--ServiceStartTime-->
                                                                             <!--===================-->
                                                                             <ns2:Slot name="serviceStartTime">
                                                                                 <ns2:ValueList>
                                                                                     <ns2:Value>20231201081000</ns2:Value>
                                                                                 </ns2:ValueList>
                                                                             </ns2:Slot>
                                                                             <!--===================-->
                                                                             <!--ServiceStopTime-->
                                                                             <!--===================-->
                                                                             <ns2:Slot name="serviceStopTime">
                                                                                 <ns2:ValueList>
                                                                                     <ns2:Value>20240730081000</ns2:Value>
                                                                                 </ns2:ValueList>
                                                                             </ns2:Slot>
                                                                             <!--===================-->
                                                                             <!--SourcePatientId-->
                                                                             <!--===================-->
                                                                             <ns2:Slot name="sourcePatientId">
                                                                                 <ns2:ValueList>
                                                                                     <ns2:Value>1234567890121^^^&amp;1.2.3.4.567.8.9.10&amp;ISO^PI</ns2:Value>
                                                                                 </ns2:ValueList>
                                                                             </ns2:Slot>
                                                                             <!--===================-->
                                                                             <!--SourcePatientInfo-->
                                                                             <!--===================-->
                                                                             <ns2:Slot name="sourcePatientInfo">
                                                                                 <ns2:ValueList>
                                                                                     <ns2:Value>PID-5|PAT-TROIS^DOMINIQUE^DOMINIQUE MARIE-LOUISE^^^^L</ns2:Value>
                                                                                     <ns2:Value>PID-5|PAT-TROIS^DOMINIQUE^^^^^D</ns2:Value>
                                                                                     <ns2:Value>PID-7|19790328</ns2:Value>
                                                                                     <ns2:Value>PID-8|F</ns2:Value>
                                                                                     <ns2:Value>PID-11|^^^^^^BDL^^51215</ns2:Value>
                                                                                 </ns2:ValueList>
                                                                             </ns2:Slot>
                                                                             <!--===================-->
                                                                             <!--Name-->
                                                                             <!--===================-->
                                                                             <ns2:Name>
                                                                                 <ns2:LocalizedString xml:lang="FR" charset="UTF8"                                                                                  value="Prescription de médicaments et/ou de dispositifs médicaux "/>
                                                                             </ns2:Name>
                                                                             <!--===================-->
                                                                             <!--Description (Comments)-->
                                                                             <!--===================-->
                                                                             <ns2:Description>
                                                                                 <ns2:LocalizedString xml:lang="FR" charset="UTF8"                                                                                  value=""/>
                                                                             </ns2:Description>
                                                                             <!--===================-->
                                                                             <!--EventCodeList-->
                                                                             <!--===================-->
                                                                             <ns2:Classification classificationScheme="urn:uuid:2c6b8cb7-8b2a-4051-b291-b1ae6a575ef4" classifiedObject="urn:uuid:urn:uuid:aa6656af-e161-4e85-a5b9-06dcf4b2ebe9" id="urn:uuid:b4b3dd4e-1577-4587-8cb8-2e06360dea7c"                                                                               nodeRepresentation="57833-6" objectType="urn:oasis:names:tc:ebxml-regrep:ObjectType:RegistryObject:Classification" >
                                                                                 <ns2:Slot name="codingScheme">
                                                                                     <ns2:ValueList>
                                                                                         <ns2:Value>2.16.840.1.113883.6.1</ns2:Value>
                                                                                     </ns2:ValueList>
                                                                                 </ns2:Slot>
                                                                                 <ns2:Name>
                                                                                     <ns2:LocalizedString xml:lang="FR" charset="UTF8"                                                                                      value="Prescription de produits de santé"/>
                                                                                 </ns2:Name>
                                                                             </ns2:Classification>
                                                                             <ns2:Classification classificationScheme="urn:uuid:2c6b8cb7-8b2a-4051-b291-b1ae6a575ef4" classifiedObject="urn:uuid:urn:uuid:aa6656af-e161-4e85-a5b9-06dcf4b2ebe9" id="urn:uuid:877c31e9-bbd5-47bd-a1f0-33241adbe34a"                                                                               nodeRepresentation="MED-1096" objectType="urn:oasis:names:tc:ebxml-regrep:ObjectType:RegistryObject:Classification" >
                                                                                 <ns2:Slot name="codingScheme">
                                                                                     <ns2:ValueList>
                                                                                         <ns2:Value>1.2.250.1.213.1.1.4.322</ns2:Value>
                                                                                     </ns2:ValueList>
                                                                                 </ns2:Slot>
                                                                                 <ns2:Name>
                                                                                     <ns2:LocalizedString xml:lang="FR" charset="UTF8"                                                                                      value="Prescription bizone"/>
                                                                                 </ns2:Name>
                                                                             </ns2:Classification>
                                                                             <ns2:Classification classificationScheme="urn:uuid:2c6b8cb7-8b2a-4051-b291-b1ae6a575ef4" classifiedObject="urn:uuid:urn:uuid:aa6656af-e161-4e85-a5b9-06dcf4b2ebe9" id="urn:uuid:810856db-9816-4366-9a59-f24018a4c3c2"                                                                               nodeRepresentation="MED-1097" objectType="urn:oasis:names:tc:ebxml-regrep:ObjectType:RegistryObject:Classification" >
                                                                                 <ns2:Slot name="codingScheme">
                                                                                     <ns2:ValueList>
                                                                                         <ns2:Value>1.2.250.1.213.1.1.4.322</ns2:Value>
                                                                                     </ns2:ValueList>
                                                                                 </ns2:Slot>
                                                                                 <ns2:Name>
                                                                                     <ns2:LocalizedString xml:lang="FR" charset="UTF8"                                                                                      value="Prescription médicaments d'exception"/>
                                                                                 </ns2:Name>
                                                                             </ns2:Classification>
                                                                             <ns2:Classification classificationScheme="urn:uuid:2c6b8cb7-8b2a-4051-b291-b1ae6a575ef4" classifiedObject="urn:uuid:urn:uuid:aa6656af-e161-4e85-a5b9-06dcf4b2ebe9" id="urn:uuid:38fbdddb-24fd-4476-8387-90730d6ef424"                                                                               nodeRepresentation="MED-1098" objectType="urn:oasis:names:tc:ebxml-regrep:ObjectType:RegistryObject:Classification" >
                                                                                 <ns2:Slot name="codingScheme">
                                                                                     <ns2:ValueList>
                                                                                         <ns2:Value>1.2.250.1.213.1.1.4.322</ns2:Value>
                                                                                     </ns2:ValueList>
                                                                                 </ns2:Slot>
                                                                                 <ns2:Name>
                                                                                     <ns2:LocalizedString xml:lang="FR" charset="UTF8"                                                                                      value="Ordonnance sécurisée"/>
                                                                                 </ns2:Name>
                                                                             </ns2:Classification>
                                                                             <ns2:Classification classificationScheme="urn:uuid:2c6b8cb7-8b2a-4051-b291-b1ae6a575ef4" classifiedObject="urn:uuid:urn:uuid:aa6656af-e161-4e85-a5b9-06dcf4b2ebe9" id="urn:uuid:ebfea927-2df9-40d9-977b-151fcf4406e8"                                                                               nodeRepresentation="MED-1132" objectType="urn:oasis:names:tc:ebxml-regrep:ObjectType:RegistryObject:Classification" >
                                                                                 <ns2:Slot name="codingScheme">
                                                                                     <ns2:ValueList>
                                                                                         <ns2:Value>1.2.250.1.213.1.1.4.322</ns2:Value>
                                                                                     </ns2:ValueList>
                                                                                 </ns2:Slot>
                                                                                 <ns2:Name>
                                                                                     <ns2:LocalizedString xml:lang="FR" charset="UTF8"                                                                                      value="Prescription grand appareillage"/>
                                                                                 </ns2:Name>
                                                                             </ns2:Classification>
                                                                             <ns2:Classification classificationScheme="urn:uuid:2c6b8cb7-8b2a-4051-b291-b1ae6a575ef4" classifiedObject="urn:uuid:urn:uuid:aa6656af-e161-4e85-a5b9-06dcf4b2ebe9" id="urn:uuid:34811039-5452-4159-bbe9-6b18e1b9fd96"                                                                               nodeRepresentation="MED-1094" objectType="urn:oasis:names:tc:ebxml-regrep:ObjectType:RegistryObject:Classification" >
                                                                                 <ns2:Slot name="codingScheme">
                                                                                     <ns2:ValueList>
                                                                                         <ns2:Value>1.2.250.1.213.1.1.4.322</ns2:Value>
                                                                                     </ns2:ValueList>
                                                                                 </ns2:Slot>
                                                                                 <ns2:Name>
                                                                                     <ns2:LocalizedString xml:lang="FR" charset="UTF8"                                                                                      value="Exécution à domicile"/>
                                                                                 </ns2:Name>
                                                                             </ns2:Classification>
                                                                             <ns2:Classification classificationScheme="urn:uuid:2c6b8cb7-8b2a-4051-b291-b1ae6a575ef4" classifiedObject="urn:uuid:urn:uuid:aa6656af-e161-4e85-a5b9-06dcf4b2ebe9" id="urn:uuid:a8939a9a-9536-4bd6-a50f-c2680ad784d4"                                                                               nodeRepresentation="MED-1095" objectType="urn:oasis:names:tc:ebxml-regrep:ObjectType:RegistryObject:Classification" >
                                                                                 <ns2:Slot name="codingScheme">
                                                                                     <ns2:ValueList>
                                                                                         <ns2:Value>1.2.250.1.213.1.1.4.322</ns2:Value>
                                                                                     </ns2:ValueList>
                                                                                 </ns2:Slot>
                                                                                 <ns2:Name>
                                                                                     <ns2:LocalizedString xml:lang="FR" charset="UTF8"                                                                                      value="Exécution en urgence"/>
                                                                                 </ns2:Name>
                                                                             </ns2:Classification>
                                                                             <ns2:Classification classificationScheme="urn:uuid:2c6b8cb7-8b2a-4051-b291-b1ae6a575ef4" classifiedObject="urn:uuid:urn:uuid:aa6656af-e161-4e85-a5b9-06dcf4b2ebe9" id="urn:uuid:fd961348-504b-4181-a026-56db4ebe3575"                                                                               nodeRepresentation="MED-1159" objectType="urn:oasis:names:tc:ebxml-regrep:ObjectType:RegistryObject:Classification" >
                                                                                 <ns2:Slot name="codingScheme">
                                                                                     <ns2:ValueList>
                                                                                         <ns2:Value>1.2.250.1.213.1.1.4.322</ns2:Value>
                                                                                     </ns2:ValueList>
                                                                                 </ns2:Slot>
                                                                                 <ns2:Name>
                                                                                     <ns2:LocalizedString xml:lang="FR" charset="UTF8"                                                                                      value="Affection militaire"/>
                                                                                 </ns2:Name>
                                                                             </ns2:Classification>
                                                                             <!--*********************************************************-->
                                                                             <!--  Authors Attributes -->
                                                                             <!--*********************************************************-->
                                                                             <ns2:Classification id="urn:uuid:25cc8a5d-ec62-4d10-889c-26d278e72889" classificationScheme="urn:uuid:93606bcf-9494-43ec-9b4e-a7748d1a838d" classifiedObject="urn:uuid:f47623e3-5670-42c3-99d3-312e8862da9d" nodeRepresentation=""> 
                                                                                 <!--===================-->
                                                                                 <!--AuthorInstitution-->
                                                                                 <!--===================-->
                                                                                 <ns2:Slot name="authorInstitution">
                                                                                     <ns2:ValueList>
                                                                                         <ns2:Value>Cabinet du DR Pierre JOLI^^^^^&amp;1.2.250.1.71.4.2.2&amp;ISO^IDNST^^^1750512345</ns2:Value>
                                                                                     </ns2:ValueList>
                                                                                 </ns2:Slot>
                                                                                 <!--===================-->
                                                                                 <!--AuthorPerson-->
                                                                                 <!--===================-->
                                                                                 <ns2:Slot name="authorPerson">
                                                                                     <ns2:ValueList>
                                                                                     <ns2:Value>801234567897^PIOU^Romain^^^^^^&amp;1.2.250.1.71.4.2.1&amp;ISO^D^^^IDNPS</ns2:Value>
                                                                                     </ns2:ValueList>
                                                                                 </ns2:Slot>
                                                                                 <!--===================-->
                                                                                 <!--AuthorSpecialty-->
                                                                                 <!--===================-->
                                                                                 <ns2:Slot name="authorSpecialty">
                                                                                     <ns2:ValueList>
                                                                                         <ns2:Value>G15_10/SM26^Médecin - Qualifié en Médecine Générale (SM)^1.2.250.1.213.1.1.4.5</ns2:Value>
                                                                                     </ns2:ValueList>
                                                                                 </ns2:Slot>
                                                                                 </ns2:Classification>
                                                                                 <!--*********************************************************-->
                                                                                 <!--  Class -->
                                                                                 <!--*********************************************************-->
                                                                                 <!--  -->
                                                                                 <ns2:Classification id="urn:uuid:6b8a4444-5528-4704-aa01-2bbb7f3acb4b" classificationScheme="urn:uuid:41a5887f-8865-4c09-adf7-e362475b143a" classifiedObject="urn:uuid:f47623e3-5670-42c3-99d3-312e8862da9d" nodeRepresentation="42">
                                                                                     <ns2:Slot name="codingScheme">
                                                                                         <ns2:ValueList>
                                                                                             <ns2:Value>1.2.250.1.213.1.1.4.1</ns2:Value>
                                                                                         </ns2:ValueList>
                                                                                     </ns2:Slot>
                                                                                     <ns2:Name>
                                                                                         <ns2:LocalizedString value="Prescription"/>
                                                                                     </ns2:Name>
                                                                                 </ns2:Classification>
                                                                                 <!-- ***************************************************************************-->
                                                                                 <!--     Confidentiality  -->
                                                                                 <!-- ***************************************************************************-->
                                                                                 <ns2:Classification id="urn:uuid:2a6ad9a0-6c43-4430-bcab-823c3d90cb3f" classificationScheme="urn:uuid:f4f85eac-e6cb-4883-b524-f2705394840f" classifiedObject="urn:uuid:f47623e3-5670-42c3-99d3-312e8862da9d" nodeRepresentation="N">
                                                                                     <ns2:Slot name="codingScheme">
                                                                                         <ns2:ValueList>
                                                                                             <ns2:Value>2.16.840.1.113883.5.25</ns2:Value>
                                                                                         </ns2:ValueList>
                                                                                     </ns2:Slot>
                                                                                     <ns2:Name>
                                                                                         <ns2:LocalizedString value="Normal"/>
                                                                                     </ns2:Name>
                                                                                 </ns2:Classification>
                                                                                 <!--***********************************-->
                                                                                 <!--  Format -->
                                                                                 <!--***********************************-->
                                                                                 <ns2:Classification id="urn:uuid:16441308-e8a5-4d89-bde5-8dc52de5b994" classificationScheme="urn:uuid:a09d5840-386c-46f2-b5ad-9c3699a4309d" classifiedObject="urn:uuid:f47623e3-5670-42c3-99d3-312e8862da9d" nodeRepresentation="urn:ihe:pharm:pre:2010"> 
                                                                                     <ns2:Slot name="codingScheme">
                                                                                         <ns2:ValueList>
                                                                                             <ns2:Value>1.2.250.1.213.1.1.4.2.282</ns2:Value>
                                                                                         </ns2:ValueList>
                                                                                     </ns2:Slot>
                                                                                     <ns2:Name>
                                                                                         <ns2:LocalizedString value="Prescription de produits de santé"/>
                                                                                     </ns2:Name>
                                                                                 </ns2:Classification>
                                                                                 <!--***********************************-->
                                                                                 <!--  HealthcareFacility -->
                                                                                 <!--***********************************-->
                                                                                 <ns2:Classification id="urn:uuid:abb9fac5-4921-424f-89de-3b4202196fc2" classificationScheme="urn:uuid:f33fb8ac-18af-42cc-ae0e-ed0b0bdb91e1" classifiedObject="urn:uuid:f47623e3-5670-42c3-99d3-312e8862da9d" nodeRepresentation="SA07">
                                                                                     <ns2:Slot name="codingScheme">
                                                                                         <ns2:ValueList>
                                                                                             <ns2:Value>1.2.250.1.71.4.2.4</ns2:Value>
                                                                                         </ns2:ValueList>
                                                                                     </ns2:Slot>
                                                                                     <ns2:Name>
                                                                                         <ns2:LocalizedString value="Cabinet individuel"/>
                                                                                     </ns2:Name>
                                                                                 </ns2:Classification>
                                                                                 <!--********************************-->
                                                                                 <!--  Practice Settings -->
                                                                                 <!--********************************-->
                                                                                 <ns2:Classification id="urn:uuid:f2069b89-0b51-4a55-b97c-28dcacea619a" classificationScheme="urn:uuid:cccf5598-8b07-4b77-a05e-ae952c785ead" classifiedObject="urn:uuid:f47623e3-5670-42c3-99d3-312e8862da9d" nodeRepresentation="AMBULATOIRE">
                                                                                     <ns2:Slot name="codingScheme">
                                                                                         <ns2:ValueList>
                                                                                             <ns2:Value>1.2.250.1.213.1.1.4.9</ns2:Value>
                                                                                         </ns2:ValueList>
                                                                                     </ns2:Slot>
                                                                                     <ns2:Name>
                                                                                         <ns2:LocalizedString  xml:lang="FR" charset="UTF8"  value="Ambulatoire"   />
                                                                                     </ns2:Name>
                                                                                 </ns2:Classification>
                                                                                 <!--********************************-->
                                                                                 <!--  Type -->
                                                                                 <!--********************************-->
                                                                                 <ns2:Classification id="urn:uuid:5d72666d-87c9-4f9b-994b-5208001b8631" classificationScheme="urn:uuid:f0306f51-975f-434e-a61c-c59651d33983" classifiedObject="urn:uuid:f47623e3-5670-42c3-99d3-312e8862da9d" nodeRepresentation="57833-6">
                                                                                     <ns2:Slot name="codingScheme">
                                                                                         <ns2:ValueList>
                                                                                             <ns2:Value>2.16.840.1.113883.6.1</ns2:Value>
                                                                                         </ns2:ValueList>
                                                                                     </ns2:Slot>
                                                                                     <ns2:Name>
                                                                                         <ns2:LocalizedString  xml:lang="FR" charset="UTF8"  value="Prescription de produits de santé"   />
                                                                                     </ns2:Name>
                                                                                 </ns2:Classification>
                                                                                 <!--********************************-->
                                                                                 <!--  PatientId (FICHE) -->
                                                                                 <!--********************************-->
                                                                                 <ns2:ExternalIdentifier id="urn:uuid:66be71f7-1da3-4fec-b149-c6ef314ce49f" identificationScheme="urn:uuid:58a6f841-87b3-4a3e-92fd-a8ffeff98427" registryObject="urn:uuid:urn:uuid:aa6656af-e161-4e85-a5b9-06dcf4b2ebe9" value="279035121518989^^^&amp;1.2.250.1.213.1.4.10&amp;ISO^NH">
                                                                                     <ns2:Name>
                                                                                         <ns2:LocalizedString value="XDSDocumentEntry.patientId"/>
                                                                                     </ns2:Name>
                                                                                 </ns2:ExternalIdentifier>
                                                                                 <!--********************************-->
                                                                                 <!--  UniqueId -->
                                                                                 <!--********************************-->
                                                                                 <ns2:ExternalIdentifier id="urn:uuid:220260ef-f423-40e9-9081-7d6cbdb65b6e" identificationScheme="urn:uuid:2e82c1f6-a085-4c72-9da3-8640a32e42ab" registryObject="b576aac4-33be-4875-b875-f8ee50bf66e0" value="1.2.250.1.213.1.1.1.39.2024.2.1">
                                                                                     <ns2:Name>
                                                                                         <ns2:LocalizedString xml:lang="FR" charset="UTF8"  value="XDSDocumentEntry.uniqueId"/>
                                                                                     </ns2:Name>
                                                                                 </ns2:ExternalIdentifier>
                                                                             </ns2:ExtrinsicObject>
                                                                             <!--*****************************************-->
                                                                             <!--*            ASSOCIATIONS -->
                                                                             <!--*****************************************-->
                                                                             <ns2:Association id="urn:uuid:381d30b4-fa8b-40c9-b3d2-3d20b62e2fbd" objectType="Original" associationType="urn:oasis:names:tc:ebxml-regrep:AssociationType:HasMember"                                                                               sourceObject="urn:uuid:f47623e3-5670-42c3-99d3-312e8862da9d" targetObject="urn:uuid:urn:uuid:aa6656af-e161-4e85-a5b9-06dcf4b2ebe9"  xmlns:ns2="urn:oasis:names:tc:ebxml-regrep:xsd:rim:3.0"  >
                                                                                 <ns2:Slot name="SubmissionSetStatus">
                                                                                     <ns2:ValueList>
                                                                                         <ns2:Value>Original</ns2:Value>
                                                                                     </ns2:ValueList>
                                                                                 </ns2:Slot>
                                                                             </ns2:Association>
                                                                     </RegistryObjectList>
                                                                 </ns5:SubmitObjectsRequest>

